/*
Strother Troiano
Final Project
Database and table creation

Both SP_1_TM and SP_2_TM are included in this script
*/
USE master
GO

CREATE DATABASE FoodDB
GO

USE FoodDB
GO

--Create People table 

CREATE TABLE People
(PersonID int NOT NULL IDENTITY PRIMARY KEY,
LastName varchar(75) NOT NULL,
FirstName varchar(75) NOT NULL)

--Insert fields into the People table
SET IDENTITY_INSERT People ON

INSERT INTO People (PersonID, LastName, FirstName)
VALUES
	(1, 'Carter', 'Andrew'),
	(2, 'Barnes', 'William'),
	(3, 'Bailey', 'Jason'),
	(4, 'Campbell', 'Helen'),
	(5, 'Roberts', 'Kenneth'),
	(6, 'Diaz', 'Gerald'),
	(7, 'Williams', 'Patricia'),
	(8, 'Lopez', 'Henry'),
	(9, 'Richardson', 'Louise'),
	(10, 'Wright', 'Michelle'),
	(11, 'Turner', 'Alice'),
	(12, 'Alexander', 'Cynthia'),
	(13, 'Morgan', 'Kevin'),
	(14, 'Clark', 'Amanda'),
	(15, 'Griffith', 'Brian'),
	(16, 'Watson', 'Kimberly'),
	(17, 'Lewis', 'Shawn'),
	(18, 'Howard', 'Irene'),
	(19, 'Nelson', 'Russell'),
	(20, 'Sanders', 'Joe')

SET IDENTITY_INSERT People OFF

--Create Nutrition table

CREATE TABLE Nutrition
(FoodID int NOT NULL IDENTITY PRIMARY KEY,
FoodName varchar(25) NOT NULL,
FoodGroup varchar(25) NOT NULL,
ServingSizeFood int NOT NULL,
Calories int NOT NULL,
Protein decimal(4,1) NULL,
Fat decimal(4,1) NULL,
Cholesterol int NULL,
Sugar decimal(4,1) NULL,
Fiber decimal(4,1) NULL,
Sodium int NULL)

--Insert data into the nutrition table

SET IDENTITY_INSERT Nutrition ON

INSERT INTO Nutrition (FoodID, FoodName, FoodGroup, ServingSizeFood, Calories,
			Protein, Fat, Cholesterol, Sugar, Fiber, Sodium)
VALUES
	(1, 'Apple', 'Fruit', 182, 95, 0.5, 0.3, NULL, 19, 4.4, 2),
	(2, 'Banana', 'Fruit', 118, 105, 1.3, 0.4, NULL, 14, 3.1, 1),
	(3, 'Potato', 'Vegitable', 213, 163, 4.3, 0.2, NULL, 1.7, 4.7, 13),
	(4, 'Eggs', 'Meat', 50, 78, 6, 5, 187, 0.6, NULL, 62),
	(5, 'Chicken', 'Meat', 100, 167, 25, 6.6, 75, NULL, NULL, 75),
	(6, 'Beef', 'Meat', 85, 213, 22, 13, 77, NULL, NULL, 61),
	(7, 'Corn','Vegitable', 166, 606, 16, 8, NULL, 10.9, 3.3, 58),
	(8, 'Tomato','Fruit', 123, 22, 1.1, 0.2, NULL, 3.2, 1.5, 6),
	(9, 'Cheese','Dairy', 28, 113, 7, 9, 29, 0.1, NULL, 174),
	(10, 'Spaghetti','Grain', 140, 221, 8, 1.3, NULL, 0.8, 2.5, 1),
	(11, 'Rice','Grain', 158, 206, 4.3, 0.4, NULL, 0.1, 0.6, 2),
	(12, 'Peas','Vegitable', 145, 118, 8, 0.6, NULL, 8, 7, 7),
	(13, 'Carrot','Vegitable', 61, 25, 0.6, 0.1, NULL, 2.9, 1.7, 42),
	(14, 'Ham','Meat', 140, 203, 29, 8, 74, NULL, NULL, 1684),
	(15, 'Milk','Dairy', 244, 148, 8, 8, 24, 12, NULL, 105),
	(16, 'Bread','Grain', 60, 158, 5.4, 2, NULL, 3, 1.6, 147),
	(17, 'Raspberries','Fruit', 123, 65, 1.5, 0.8, NULL, 5, 8, 1),
	(18, 'Blueberries','Fruit', 148, 85, 1.1, 0.5, NULL, 15, 3.6, 1),
	(19, 'Almonds','Meat', 92, 529, 20, 45, NULL, 3.6, 11, 1),
	(20, 'Oatmeal','Grain', 234, 158, 6, 3.2, NULL, 1.1, 4, 115)

SET IDENTITY_INSERT Nutrition OFF

--Create Meals Table

CREATE TABLE Meals
(MealID int NOT NULL IDENTITY PRIMARY KEY,
PersonID int NOT NULL REFERENCES People(PersonID),
FoodID int NOT NULL REFERENCES Nutrition(FoodID),
ServingSizeMeal int NOT NULL)

--Insert values into Meals table

SET IDENTITY_INSERT Meals ON

INSERT INTO Meals (MealID, PersonID, FoodID, ServingSizeMeal)
VALUES
	(1, 3, 11, 346),
	(2, 11, 3, 165),
	(3, 6, 8, 303),
	(4, 12, 2, 132),
	(5, 15, 16, 66),
	(6, 15, 19, 73),
	(7, 5, 16, 240),
	(8, 18, 3, 592),
	(9, 1, 13, 124),
	(10, 18, 17, 342),
	(11, 20, 9, 150),
	(12, 15, 10, 274),
	(13, 7, 15, 452),
	(14, 5, 6, 246),
	(15, 2, 1, 162),
	(16, 6, 5, 226),
	(17, 7, 5, 280),
	(18, 6, 1, 573),
	(19, 2, 15, 226),
	(20, 1, 11, 358),
	(21, 20, 15, 241),
	(22, 18, 13, 64),
	(23, 11, 11, 160),
	(24, 15, 18, 432),
	(25, 10, 14, 158),
	(26, 5, 11, 306),
	(27, 6, 6, 119),
	(28, 13, 20, 238),
	(29, 6, 11, 132),
	(30, 16, 14, 264),
	(31, 13, 1, 393),
	(32, 2, 10, 250),
	(33, 19, 10, 242),
	(34, 12, 9, 198),
	(35, 16, 7, 127),
	(36, 9, 9, 30),
	(37, 5, 18, 140),
	(38, 10, 17, 134),
	(39, 10, 6, 129),
	(40, 11, 3, 242),
	(41, 7, 20, 208),
	(42, 14, 7, 350),
	(43, 2, 4, 138),
	(44, 6, 20, 482),
	(45, 5, 8, 384),
	(46, 13, 10, 159),
	(47, 17, 6, 168),
	(48, 14, 4, 120),
	(49, 9, 2, 126),
	(50, 12, 10, 135),
	(51, 16, 11, 298),
	(52, 1, 13, 57),
	(53, 10, 14, 316),
	(54, 16, 10, 302),
	(55, 7, 18, 186),
	(56, 1, 1, 326),
	(57, 9, 13, 288),
	(58, 12, 15, 282),
	(59, 2, 4, 192),
	(60, 16, 14, 316),
	(61, 18, 15, 235),
	(62, 9, 10, 628),
	(63, 17, 15, 269),
	(64, 9, 13, 114),
	(65, 6, 19, 182),
	(66, 7, 16, 112),
	(67, 1, 11, 290),
	(68, 18, 17, 246),
	(69, 2, 3, 450),
	(70, 11, 11, 302),
	(71, 10, 12, 288),
	(72, 9, 14, 462),
	(73, 7, 5, 110),
	(74, 4, 10, 372),
	(75, 12, 15, 574),
	(76, 6, 4, 245),
	(77, 7, 3, 486),
	(78, 19, 17, 393),
	(79, 12, 8, 149),
	(80, 7, 19, 142),
	(81, 19, 7, 390),
	(82, 6, 6, 149),
	(83, 9, 5, 270),
	(84, 18, 14, 160),
	(85, 5, 7, 378),
	(86, 15, 3, 160),
	(87, 4, 6, 136),
	(88, 7, 17, 408),
	(89, 3, 7, 278),
	(90, 2, 8, 447),
	(91, 18, 12, 268),
	(92, 7, 10, 122),
	(93, 17, 8, 218),
	(94, 10, 19, 230),
	(95, 1, 13, 66),
	(96, 10, 11, 346),
	(97, 18, 17, 252),
	(98, 8, 1, 654),
	(99, 14, 13, 201),
	(100, 4, 7, 160),
	(101, 1, 6, 146),
	(102, 15, 17, 120),
	(103, 15, 3, 165),
	(104, 19, 7, 280),
	(105, 10, 7, 167),
	(106, 18, 2, 405),
	(107, 14, 17, 333),
	(108, 7, 14, 304),
	(109, 4, 6, 149),
	(110, 1, 8, 303),
	(111, 3, 13, 52),
	(112, 11, 19, 88),
	(113, 20, 1, 423),
	(114, 12, 20, 759),
	(115, 13, 9, 144),
	(116, 3, 5, 147),
	(117, 4, 7, 292),
	(118, 18, 4, 200),
	(119, 14, 7, 192),
	(120, 11, 4, 160),
	(121, 2, 9, 105),
	(122, 5, 9, 29),
	(123, 8, 19, 166),
	(124, 18, 13, 62),
	(125, 8, 10, 148),
	(126, 18, 5, 110),
	(127, 12, 1, 212),
	(128, 8, 3, 756),
	(129, 10, 3, 159),
	(130, 19, 6, 254),
	(131, 10, 15, 558),
	(132, 13, 17, 384),
	(133, 19, 6, 250),
	(134, 6, 1, 340),
	(135, 7, 18, 348),
	(136, 8, 15, 289),
	(137, 11, 13, 63),
	(138, 2, 13, 189),
	(139, 19, 8, 147),
	(140, 14, 2, 360),
	(141, 4, 17, 369),
	(142, 13, 20, 669),
	(143, 7, 1, 735),
	(144, 18, 19, 178),
	(145, 20, 11, 276),
	(146, 20, 6, 264),
	(147, 4, 6, 138),
	(148, 18, 16, 114),
	(149, 18, 17, 224),
	(150, 20, 10, 310),
	(151, 19, 12, 286),
	(152, 14, 5, 136),
	(153, 12, 7, 192),
	(154, 1, 12, 288),
	(155, 12, 6, 206),
	(156, 8, 10, 153),
	(157, 7, 16, 201),
	(158, 8, 17, 103),
	(159, 14, 10, 160),
	(160, 5, 20, 765),
	(161, 12, 19, 101),
	(162, 18, 18, 411),
	(163, 14, 18, 246),
	(164, 12, 1, 420),
	(165, 20, 18, 226),
	(166, 18, 12, 268),
	(167, 12, 7, 334),
	(168, 20, 7, 133),
	(169, 12, 8, 333),
	(170, 20, 15, 675),
	(171, 15, 19, 166),
	(172, 13, 18, 166),
	(173, 20, 5, 230),
	(174, 20, 1, 470),
	(175, 2, 5, 101),
	(176, 1, 15, 822),
	(177, 20, 13, 142),
	(178, 16, 13, 124),
	(179, 14, 20, 259),
	(180, 7, 15, 708),
	(181, 8, 20, 464),
	(182, 5, 8, 312),
	(183, 16, 6, 129),
	(184, 1, 5, 143),
	(185, 2, 11, 531),
	(186, 5, 1, 242),
	(187, 8, 2, 330),
	(188, 9, 13, 104),
	(189, 4, 15, 834),
	(190, 8, 4, 47),
	(191, 17, 20, 420),
	(192, 18, 2, 139),
	(193, 5, 11, 270),
	(194, 19, 15, 720),
	(195, 20, 11, 358),
	(196, 4, 10, 158),
	(197, 9, 15, 222),
	(198, 11, 1, 648),
	(199, 4, 6, 142),
	(200, 11, 19, 160),
	(201, 9, 19, 73),
	(202, 9, 8, 112),
	(203, 5, 4, 276),
	(204, 11, 5, 127),
	(205, 17, 18, 278),
	(206, 18, 10, 270),
	(207, 1, 1, 296),
	(208, 5, 7, 146),
	(209, 20, 17, 312),
	(210, 20, 18, 162),
	(211, 11, 13, 71),
	(212, 9, 13, 198),
	(213, 11, 9, 192),
	(214, 13, 3, 298),
	(215, 18, 16, 65),
	(216, 16, 6, 73),
	(217, 8, 1, 468),
	(218, 3, 14, 435),
	(219, 5, 8, 214),
	(220, 19, 19, 96),
	(221, 16, 2, 152),
	(222, 1, 11, 139),
	(223, 1, 13, 162),
	(224, 11, 4, 45),
	(225, 10, 12, 270),
	(226, 3, 13, 116),
	(227, 15, 14, 134),
	(228, 2, 1, 189),
	(229, 7, 12, 290),
	(230, 7, 20, 245),
	(231, 6, 8, 405),
	(232, 18, 5, 116),
	(233, 17, 12, 132),
	(234, 8, 14, 438),
	(235, 4, 14, 138),
	(236, 18, 9, 25),
	(237, 8, 12, 145),
	(238, 20, 10, 156),
	(239, 14, 1, 178),
	(240, 14, 6, 71),
	(241, 2, 15, 568),
	(242, 7, 15, 516),
	(243, 11, 5, 99),
	(244, 15, 18, 179),
	(245, 10, 10, 444),
	(246, 10, 11, 154),
	(247, 4, 14, 262),
	(248, 20, 11, 435),
	(249, 14, 7, 222),
	(250, 11, 12, 264),
	(251, 15, 7, 196),
	(252, 12, 13, 132),
	(253, 1, 14, 254),
	(254, 11, 15, 714),
	(255, 20, 9, 192),
	(256, 10, 3, 324),
	(257, 15, 19, 168),
	(258, 10, 20, 239),
	(259, 8, 3, 675),
	(260, 14, 12, 272),
	(261, 19, 19, 109),
	(262, 16, 12, 134),
	(263, 11, 15, 714),
	(264, 5, 12, 266),
	(265, 13, 4, 196),
	(266, 9, 3, 612),
	(267, 2, 18, 172),
	(268, 12, 1, 615),
	(269, 6, 12, 140),
	(270, 19, 17, 330),
	(271, 20, 12, 264),
	(272, 8, 6, 124),
	(273, 11, 17, 264),
	(274, 13, 10, 366),
	(275, 2, 2, 348),
	(276, 15, 4, 215),
	(277, 10, 20, 251),
	(278, 2, 2, 378),
	(279, 12, 20, 690),
	(280, 9, 14, 300),
	(281, 19, 9, 35),
	(282, 14, 7, 202),
	(283, 8, 10, 552),
	(284, 20, 5, 110),
	(285, 20, 3, 544),
	(286, 15, 17, 120),
	(287, 16, 3, 528),
	(288, 16, 17, 348),
	(289, 10, 9, 110),
	(290, 1, 14, 296),
	(291, 19, 15, 663),
	(292, 1, 15, 546),
	(293, 13, 15, 762),
	(294, 17, 18, 322),
	(295, 9, 14, 435),
	(296, 17, 19, 83),
	(297, 14, 18, 320),
	(298, 9, 12, 134),
	(299, 20, 7, 294),
	(300, 16, 16, 320),
	(301, 19, 6, 86),
	(302, 8, 1, 558),
	(303, 16, 14, 402),
	(304, 20, 1, 282),
	(305, 16, 13, 213),
	(306, 10, 4, 210),
	(307, 2, 6, 147),
	(308, 1, 20, 456),
	(309, 16, 19, 103),
	(310, 17, 2, 155),
	(311, 20, 14, 474),
	(312, 3, 12, 136),
	(313, 11, 20, 221),
	(314, 19, 5, 186),
	(315, 15, 19, 102),
	(316, 18, 3, 870),
	(317, 7, 8, 405),
	(318, 18, 6, 158),
	(319, 4, 15, 735),
	(320, 11, 20, 618),
	(321, 7, 20, 627),
	(322, 4, 9, 87),
	(323, 8, 3, 285),
	(324, 19, 3, 549),
	(325, 2, 6, 124),
	(326, 16, 1, 134),
	(327, 15, 20, 212),
	(328, 1, 6, 286),
	(329, 18, 18, 222),
	(330, 17, 17, 152),
	(331, 16, 6, 214),
	(332, 10, 10, 405),
	(333, 6, 5, 98),
	(334, 14, 8, 134),
	(335, 15, 20, 735),
	(336, 9, 11, 456),
	(337, 9, 12, 282),
	(338, 2, 20, 251),
	(339, 2, 13, 192),
	(340, 8, 3, 588),
	(341, 18, 20, 212),
	(342, 10, 2, 100),
	(343, 8, 8, 447),
	(344, 18, 6, 148),
	(345, 5, 2, 129),
	(346, 7, 2, 396),
	(347, 14, 11, 352),
	(348, 13, 15, 723),
	(349, 14, 19, 99),
	(350, 15, 2, 131),
	(351, 8, 18, 483),
	(352, 7, 11, 164),
	(353, 20, 1, 220),
	(354, 18, 19, 114),
	(355, 2, 18, 387),
	(356, 2, 15, 855),
	(357, 13, 17, 125),
	(358, 4, 20, 464),
	(359, 11, 1, 723),
	(360, 12, 2, 220),
	(361, 2, 14, 133),
	(362, 15, 11, 501),
	(363, 13, 6, 128),
	(364, 18, 6, 224),
	(365, 4, 16, 174),
	(366, 8, 8, 351),
	(367, 11, 13, 112),
	(368, 20, 18, 364),
	(369, 20, 19, 115),
	(370, 4, 9, 130),
	(371, 11, 12, 274),
	(372, 5, 2, 150),
	(373, 5, 7, 274),
	(374, 11, 14, 292),
	(375, 7, 5, 132),
	(376, 1, 19, 170),
	(377, 6, 18, 139),
	(378, 7, 18, 543),
	(379, 5, 19, 176),
	(380, 1, 16, 252),
	(381, 12, 12, 143),
	(382, 17, 9, 30),
	(383, 8, 16, 248),
	(384, 14, 1, 500),
	(385, 2, 1, 522),
	(386, 12, 18, 240),
	(387, 3, 8, 447),
	(388, 18, 10, 258),
	(389, 16, 15, 229),
	(390, 15, 2, 438),
	(391, 2, 13, 118),
	(392, 15, 5, 188),
	(393, 13, 14, 138),
	(394, 9, 18, 179),
	(395, 16, 8, 260),
	(396, 10, 18, 124),
	(397, 11, 19, 224),
	(398, 5, 8, 298),
	(399, 6, 1, 420),
	(400, 12, 15, 273),
	(401, 15, 2, 210),
	(402, 14, 17, 202),
	(403, 5, 15, 233),
	(404, 5, 3, 879),
	(405, 12, 1, 384),
	(406, 2, 7, 139),
	(407, 16, 6, 70),
	(408, 14, 10, 135),
	(409, 18, 15, 247),
	(410, 8, 7, 258),
	(411, 6, 10, 516),
	(412, 3, 20, 514),
	(413, 10, 9, 52),
	(414, 6, 5, 228),
	(415, 9, 3, 777),
	(416, 4, 7, 109),
	(417, 13, 9, 50),
	(418, 4, 14, 140),
	(419, 3, 11, 136),
	(420, 1, 7, 308),
	(421, 8, 8, 264),
	(422, 18, 13, 296),
	(423, 10, 14, 378),
	(424, 8, 18, 570),
	(425, 9, 12, 135),
	(426, 7, 3, 174),
	(427, 10, 6, 135),
	(428, 1, 14, 378),
	(429, 9, 10, 378),
	(430, 10, 10, 616),
	(431, 1, 6, 128),
	(432, 3, 6, 87),
	(433, 8, 2, 160),
	(434, 20, 10, 131),
	(435, 5, 3, 528),
	(436, 10, 16, 264),
	(437, 10, 4, 200),
	(438, 17, 17, 125),
	(439, 18, 18, 222),
	(440, 17, 5, 206),
	(441, 16, 10, 156),
	(442, 17, 11, 417),
	(443, 13, 3, 422),
	(444, 14, 14, 372),
	(445, 20, 3, 735),
	(446, 4, 13, 224),
	(447, 1, 10, 516),
	(448, 11, 16, 260),
	(449, 2, 15, 550),
	(450, 4, 16, 130),
	(451, 16, 6, 230),
	(452, 12, 3, 645),
	(453, 5, 8, 333),
	(454, 8, 14, 441),
	(455, 15, 10, 274),
	(456, 15, 19, 162),
	(457, 6, 9, 174),
	(458, 19, 20, 230),
	(459, 6, 17, 210),
	(460, 3, 3, 645),
	(461, 12, 6, 96),
	(462, 2, 15, 753),
	(463, 16, 5, 142),
	(464, 14, 2, 324),
	(465, 9, 6, 114),
	(466, 2, 20, 207),
	(467, 18, 9, 22),
	(468, 3, 13, 132),
	(469, 2, 15, 226),
	(470, 5, 12, 141),
	(471, 4, 11, 133),
	(472, 4, 16, 186),
	(473, 5, 19, 103),
	(474, 2, 8, 423),
	(475, 11, 7, 175),
	(476, 10, 6, 268),
	(477, 14, 6, 128),
	(478, 3, 15, 828),
	(479, 8, 13, 124),
	(480, 18, 3, 185),
	(481, 11, 19, 230),
	(482, 5, 19, 73),
	(483, 12, 15, 852),
	(484, 9, 4, 288),
	(485, 3, 10, 158),
	(486, 4, 2, 276),
	(487, 2, 16, 240),
	(488, 13, 8, 124),
	(489, 7, 18, 153),
	(490, 20, 5, 200),
	(491, 8, 15, 275),
	(492, 9, 14, 250),
	(493, 18, 17, 444),
	(494, 11, 11, 340),
	(495, 12, 9, 84),
	(496, 20, 19, 95),
	(497, 4, 7, 128),
	(498, 9, 16, 61),
	(499, 1, 13, 104),
	(500, 11, 8, 124)

SET IDENTITY_INSERT Meals OFF